Threshold,1 Permission,2 Permission,3 Permission,4 Permission,Combined
4.00,0.08333333333333334,0.06,0.0,0.035833333333333335
