Threshold,1 Permission,2 Permission,3 Permission,4 Permission,Combined
4.00,0.6111111111111112,0.26666666666666666,0.21944444444444444
4.10,0.2777777777777778,0.26666666666666666,0.13611111111111113
4.20,0.2777777777777778,0.2,0.11944444444444445
4.30,0.3333333333333333,0.2,0.13333333333333333
4.40,0.4444444444444444,0.26666666666666666,0.17777777777777776
4.50,0.16666666666666666,0.13333333333333333,0.075
