Threshold,1 Permission,2 Permission,3 Permission,4 Permission,Combined
4.00,0.09090909090909091,0.08571428571428572,0.0,0.04415584415584416
