Threshold,1 Permission,2 Permission,3 Permission,4 Permission,Combined
4.00,0.3333333333333333,0.08333333333333333
4.10,0.3333333333333333,0.08333333333333333
4.20,0.3333333333333333,0.08333333333333333
4.30,0.2777777777777778,0.06944444444444445
4.40,0.3333333333333333,0.08333333333333333
4.50,0.3333333333333333,0.08333333333333333
