Threshold,1 Permission,2 Permission,3 Permission,4 Permission,Combined
4.00,0.6666666666666666,0.16666666666666666
4.10,0.75,0.1875
4.20,1.0,0.25
4.30,0.8333333333333334,0.20833333333333334
4.40,0.8571428571428571,0.21428571428571427
4.50,1.0,0.25
